programmers,46267
meta.programmers,2384
english,87679
meta.english,2742
meta.money,462
boardgames,8341
meta.boardgames,526
homebrew,4894
meta.homebrew,146
christianity,9267
meta.christianity,1279
mathoverflow,84657
meta.mathoverflow,1051
money,18961
writers,5586
meta.writers,425
avp,5044
meta.avp,170
graphicdesign,21888
hinduism,5586
hinduismme,328
moderators,456
moderatorsme,110
worldbuilding,12853
worldbuildingme,1164
hsm,1604
hsmme,94
ja,12518
jame,620
poker,1307
meta.poker,103
cogsci,4626
meta.cogsci,425
outdoors,3760
meta.outdoors,332
martialarts,1290
meta.martialarts,162
sports,3711
meta.sports,273
academia,20099
meta.academia,825
cs,21236
meta.cs,455
workplace,16056
stackoverflow,14458875
superuser,356866
serverfault,248106
meta.stackexchange,83692
meta.superuser,4189
meta.serverfault,1948
webapps,22896
photo,19387
meta.photo,942
stats,108954
meta.stats,1234
askubuntu,271233
meta.askubuntu,4688
meta.webapps,747
gamedev,38841
meta.gamedev,755
webmasters,27885
meta.webmasters,549
gaming,78724
tex,139786
mathematica,45618
scifi,41943
meta.scifi,2428
skeptics,7986
meta.skeptics,1236
judaism,23083
meta.judaism,1128
rpg,23075
meta.rpg,1524
meta.tex,1811
cstheory,8854
meta.cstheory,564
math,822059
meta.math,6760
unix,122853
meta.unix,1191
cooking,17716
meta.cooking,735
apple,84960
gis,86946
meta.gis,800
electronics,86757
meta.electronics,1265
wordpress,80480
meta.wordpress,728
android,45656
meta.android,851
physics,104083
meta.physics,2197
security,41706
meta.security,850
drupal,72756
meta.drupal,952
dba,58164
meta.dba,592
sharepoint,75284
meta.sharepoint,513
bicycles,10458
meta.bicycles,361
diy,32362
meta.diy,447
ux,24333
meta.ux,796
meta.mathematica,750
travel,25346
meta.travel,1018
meta.german,402
japanese,13717
meta.japanese,568
philosophy,8619
meta.philosophy,511
gardening,8133
meta.gardening,270
productivity,2411
meta.productivity,153
crypto,13600
meta.crypto,329
dsp,12910
meta.dsp,220
french,6112
meta.french,219
meta.workplace,1148
windowsphone,3379
meta.windowsphone,140
chemistry,23074
meta.chemistry,623
meta.graphicdesign,671
codereview,46852
meta.codereview,1479
codegolf,8540
meta.codegolf,1624
quant,9316
meta.quant,199
pm,3964
meta.pm,278
fitness,7123
meta.fitness,255
mechanics,13635
meta.mechanics,321
parenting,5060
meta.parenting,359
music,11101
meta.music,615
sqa,6385
meta.sqa,169
german,9077
anime,8209
meta.anime,734
magento,63049
meta.magento,421
meta.ell,833
sustainability,1178
meta.sustainability,96
tridion,5522
meta.tridion,126
reverseengineering,4236
meta.reverseengineering,128
networkengineering,9381
meta.networkengineering,244
opendata,3733
meta.opendata,144
freelancing,1404
meta.freelancing,105
blender,32062
meta.blender,495
space,6159
bitcoin,14970
meta.bitcoin,330
linguistics,5295
meta.linguistics,254
hermeneutics,4524
meta.hermeneutics,397
history,7339
meta.history,473
bricks,2135
meta.bricks,136
spanish,4567
meta.spanish,246
scicomp,6609
meta.scicomp,171
movies,17027
meta.movies,980
chinese,4767
meta.chinese,177
biology,16906
meta.biology,604
meta.ebooks,84
pt,78938
ptme,2096
beer,753
beerme,79
expatriates,3359
expatriatesme,108
meta.stackoverflow,31244
joomla,4913
joomlame,115
softwarerecs,13382
softwarerecsme,535
arduino,12199
arduinome,170
earthscience,2956
matheducators,1810
matheducatorsme,192
earthscienceme,188
datascience,6254
datascienceme,117
puzzling,10155
puzzlingme,921
chess,3606
meta.chess,186
raspberrypi,19237
meta.raspberrypi,322
russian,2596
meta.russian,143
islam,7588
meta.islam,731
salesforce,66464
meta.salesforce,561
patents,2970
meta.patents,140
genealogy,2047
meta.genealogy,397
robotics,3524
meta.robotics,124
expressionengine,11843
meta.expressionengine,111
politics,4923
meta.politics,390
craftcms,7893
craftcmsme,46
buddhism,3970
buddhismme,344
stackapps,2335
meta.gaming,3270
meta.apple,1103
ell,41704
meta.space,291
sound,8109
meta.sound,116
astronomy,5019
meta.astronomy,138
tor,4218
meta.tor,131
pets,4123
meta.pets,332
ham,1771
meta.ham,104
italian,1821
meta.italian,101
aviation,9727
meta.aviation,440
ebooks,1004
startups,2870
startupsme,124
emacs,11252
emacsme,159
economics,5102
economicsme,262
3dprinting,993
3dprintingme,89
ethereum,8913
ethereumme,182
languagelearning,501
languagelearningme,129
retrocomputing,903
retrocomputingme,116
korean,635
koreanme,51
latin,1523
latinme,95
crafts,695
craftsme,107
monero,1683
monerome,68
ai,880
aime,108
sitecore,2564
sitecoreme,106
lifehacks,1847
lifehacksme,231
engineering,4716
engineeringme,159
coffee,794
coffeeme,73
arabic,122
arabicme,32
portuguese,1232
portugueseme,105
computergraphics,1399
computergraphicsme,111
hardwarerecs,1738
hardwarerecsme,201
es,32463
esme,860
vi,4682
vime,136
musicfans,1574
musicfansme,110
rus,11774
rusme,76
mythology,888
mythologyme,132
law,6939
lawme,210
elementaryos,4813
elementaryosme,91
woodworking,1785
woodworkingme,123
ru,163247
rume,2144
civicrm,6890
civicrmme,56
opensource,1544
opensourceme,182
health,4220
healthme,273
esperanto,972
esperantome,61
vegetarianism,337
vegetarianismme,74
iot,508
iotme,103
literature,1119
literatureme,245
ukrainian,527
ukrainianme,70
bioinformatics,419
bioinformaticsme,47
cseducators,336
cseducatorsme,81
devops,609
devopsme,67
interpersonal,382
interpersonalme,147
augur,149
augurme,6
